timeStamp,elapsed,label,responseCode,responseMessage,threadName,dataType,success,failureMessage,bytes,sentBytes,grpThreads,allThreads,URL,Latency,IdleTime,Connect
1781790929701,510,Req jsonplaceholder /posts/1,200,OK,jsonplaceholder 1-2,text,true,,1507,138,2,2,https://jsonplaceholder.typicode.com/posts/2,504,0,207
1781790930217,154,Req jsonplaceholder /posts,200,OK,jsonplaceholder 1-2,text,true,,28741,136,3,3,https://jsonplaceholder.typicode.com/posts,146,0,0
1781790929252,1220,Req jsonplaceholder /posts/1,200,OK,jsonplaceholder 1-1,text,true,,1506,138,3,3,https://jsonplaceholder.typicode.com/posts/2,1220,0,576
1781790930371,209,Req jsonplaceholder /posts/1,200,OK,jsonplaceholder 1-2,text,true,,1506,138,3,3,https://jsonplaceholder.typicode.com/posts/2,209,0,0
1781790930473,211,Req jsonplaceholder /posts,200,OK,jsonplaceholder 1-1,text,true,,28742,136,3,3,https://jsonplaceholder.typicode.com/posts,202,0,0
1781790930581,148,Req jsonplaceholder /posts,200,OK,jsonplaceholder 1-2,text,true,,28741,136,3,3,https://jsonplaceholder.typicode.com/posts,143,0,0
1781790930300,586,Req jsonplaceholder /posts/1,200,OK,jsonplaceholder 1-3,text,true,,1507,138,2,2,https://jsonplaceholder.typicode.com/posts/2,586,0,251
1781790930685,290,Req jsonplaceholder /posts/1,200,OK,jsonplaceholder 1-1,text,true,,1507,138,3,3,https://jsonplaceholder.typicode.com/posts/2,290,0,0
1781790930886,248,Req jsonplaceholder /posts,200,OK,jsonplaceholder 1-3,text,true,,28741,136,3,3,https://jsonplaceholder.typicode.com/posts,239,0,0
1781790930975,214,Req jsonplaceholder /posts,200,OK,jsonplaceholder 1-1,text,true,,28741,136,3,3,https://jsonplaceholder.typicode.com/posts,213,0,0
1781790931136,261,Req jsonplaceholder /posts/1,200,OK,jsonplaceholder 1-3,text,true,,1506,138,2,2,https://jsonplaceholder.typicode.com/posts/2,261,0,0
1781790930896,595,Req jsonplaceholder /posts/1,200,OK,jsonplaceholder 1-4,text,true,,1507,138,2,2,https://jsonplaceholder.typicode.com/posts/2,595,0,235
1781790931397,212,Req jsonplaceholder /posts,200,OK,jsonplaceholder 1-3,text,true,,28742,136,3,3,https://jsonplaceholder.typicode.com/posts,208,0,0
1781790931495,117,Req jsonplaceholder /posts/1,200,OK,jsonplaceholder 1-5,text,true,,1506,138,3,3,https://jsonplaceholder.typicode.com/posts/2,116,0,47
1781790931612,32,Req jsonplaceholder /posts,200,OK,jsonplaceholder 1-5,text,true,,28741,136,2,2,https://jsonplaceholder.typicode.com/posts,28,0,0
1781790931646,162,Req jsonplaceholder /posts/1,200,OK,jsonplaceholder 1-5,text,true,,1507,138,2,2,https://jsonplaceholder.typicode.com/posts/2,161,0,0
1781790931809,50,Req jsonplaceholder /posts,200,OK,jsonplaceholder 1-5,text,true,,28742,136,2,2,https://jsonplaceholder.typicode.com/posts,48,0,0
1781790931491,1434,Req jsonplaceholder /posts,200,OK,jsonplaceholder 1-4,text,true,,28741,136,1,1,https://jsonplaceholder.typicode.com/posts,587,0,0
1781790932925,220,Req jsonplaceholder /posts/1,200,OK,jsonplaceholder 1-4,text,true,,1506,138,1,1,https://jsonplaceholder.typicode.com/posts/2,220,0,0
1781790933146,262,Req jsonplaceholder /posts,200,OK,jsonplaceholder 1-4,text,true,,28742,136,1,1,https://jsonplaceholder.typicode.com/posts,256,0,0
